categoria_IVM,n_mun,population,population_preta,population_indigena,population_branca,pct_rural,pol_deficit,forest_cover,UAI_promedio,idx_climate_risk,idx_social_vuln,pct_pop,pct_preta,pct_indigena
Baja,8,622761.5,48471.0,1943.5,309100.5,8.05,0.141347712543375,71.275,0.62175,0.4316962985504347,0.29910461436755853,1.4538030031408684,7.783236439632186,0.31207773762507796
Moderada,74,7106665.0,453151.5,8320.0,4419661.0,20.05,0.6604835236782702,42.24054054054054,0.5807297297297298,0.48424890066672904,0.2657244294299383,16.590124661393006,6.376429731808099,0.11707319818789826
Alta,383,31535131.5,2202252.5,33158.5,19119467.5,13.321148825065274,0.8986670932135091,19.386422976501304,0.4171697127937337,0.43968741167030917,0.2447112796753305,73.61705705818713,6.9834891920460205,0.10514780951523858
Muy Alta,180,3572160.5,208288.0,2739.0,2168573.0,11.321666666666667,0.95768425655735,11.66388888888889,0.2526111111111111,0.46246665048627633,0.2721515690366678,8.339015277279001,5.830869021702692,0.07667628596195496
