cuadrante,n_mun,population,population_preta,population_indigena,pct_rural,IVM_100,pol_deficit,forest_cover,UAI_promedio,pct_pop,pct_preta,pct_indigena
Q1_Modelo,190,18427198.0,1182071.0,19633.0,12.792631578947368,53.032369345502346,0.8028789962486368,31.88421052631579,0.5572947368421053,43.01729601439942,6.414816837589742,0.1065435993035946
Q2_Conservar,133,1815126.5,93138.0,2172.0,19.492481203007518,66.58191310643963,0.8575951882803985,25.61578947368421,0.24766917293233082,4.23731453659318,5.131212617963541,0.11966108147283398
Q3_Vulnerable,187,1613220.5,82599.0,1341.0,13.785026737967915,78.04554735206138,0.9518034883688985,11.530481283422459,0.23302673796791445,3.7659759115301985,5.120130819066581,0.08312564835371233
Q4_Desarrollo,135,20981173.5,1554355.0,23015.0,8.052592592592593,66.73754233544072,0.9035911383712445,11.847407407407408,0.5243851851851852,48.9794135374772,7.408332045869598,0.10969357838826319
