categoria_IVM,n_municipios,population,population_preta,population_indigena,population_branca,pct_rural,mort_infantil,pct_poblacion_total,pct_preta,pct_indigena,pct_branca
Baja,11,1398570.5,120134.0,2857.0,705603.5,0.9,11.381818181818183,3.2648871084744737,8.589770769510725,0.20428001305618845,50.451764855615075
Moderada,163,16452951.5,1021748.5,16130.5,10337302.5,14.27361963190184,10.228220858895705,38.4085244531511,6.21012284634766,0.09804016014998888,62.8294716604495
Alta,417,24609465.5,1748634.5,26875.5,14770941.5,13.451558752997602,9.268824940047962,57.44946476233934,7.1055362823707,0.10920797934437056,60.021382829302006
Muy Alta,54,375731.0,21646.0,298.0,202954.5,13.744444444444445,24.9037037037037,0.8771236760350819,5.761036486209549,0.07931206102238036,54.0159049958614
