cuadrante,n_municipios,population,population_preta,population_indigena,population_branca,pct_rural,IVM_100,pct_poblacion,pct_preta,pct_indigena
Q1_Modelo,195,19227070.5,1230227.0,20008.5,11857926.5,12.546153846153846,45.48488483139776,44.88455505759621,6.398411031987426,0.10406421508674449
Q2_Conservar,128,1853626.5,94854.5,2183.5,1192901.5,19.21640625,58.996759756831345,4.327190702060896,5.117239098599422,0.11779611480522102
Q3_Vulnerable,192,1574720.5,80882.5,1329.5,951684.0,14.117708333333333,69.03796214528639,3.6760997460624814,5.13630831630121,0.0844276809757668
Q4_Desarrollo,130,20181301.0,1506199.0,22639.5,12014290.0,8.24,57.6879382503329,47.11215449428042,7.463339454676386,0.1121805774563295
